"image","xmin","ymin","xmax","ymax","label"
"IMG_3167.JPG",1733.6470588235297,1490.889705882353,2552.470588235294,2496,"color_stick"
"IMG_3161.JPG",2228.5808823529414,737.9338235294118,2956.764705882353,1683.4632352941178,"color_stick"
"IMG_3165.JPG",1351.3676470588236,1093.2794117647059,2366.889705882353,1902.0220588235293,"color_stick"
"IMG_3158.JPG",2345.5367647058824,1639.6764705882354,3385.1911764705883,2608.6102941176473,"color_stick"
"IMG_3163.JPG",876.3088235294118,958.2573529411766,2404.6764705882356,2335.014705882353,"color_stick"
"IMG_3171.JPG",2422.588235294118,963.3308823529414,3489.5073529411766,2021.6470588235295,"color_stick"